"Country, Other",Total Cases,New Cases,Total Deaths,New Deaths,Total Recovered,New Recovered,Active Cases,"Serious, Critical",Tot Cases/1M Pop,Death Cases/1M Pop,Total Tests,Tests/1M Pop,Population,Date
North America,"124,590,104",,"1,611,388",,"119,822,564","+1,341","3,156,152","7,699",,,,,,"Last updated: March 01, 2023, 13:47 "
Asia,"214,353,455","+40,182","1,536,768",+162,"198,988,145","+36,813","13,828,542","15,498",,,,,,"Last updated: March 01, 2023, 13:47 "
Europe,"246,314,132","+31,143","2,017,091",+79,"241,915,929","+51,040","2,381,112","6,491",,,,,,"Last updated: March 01, 2023, 13:47 "
South America,"68,008,352",+281,"1,350,611",+8,"66,272,789",+264,"384,952","10,192",,,,,,"Last updated: March 01, 2023, 13:47 "
Oceania,"13,996,296",,"26,116",,"13,834,559",,"135,621",64,,,,,,"Last updated: March 01, 2023, 13:47 "
Africa,"12,794,281",,"258,582",,"12,075,245",+24,"460,454",548,,,,,,"Last updated: March 01, 2023, 13:47 "
,721,,15,,706,,0,0,,,,,,"Last updated: March 01, 2023, 13:47 "
World,"680,057,341","+71,606","6,800,571",+249,"652,909,937","+89,482","20,346,833","40,492","87,245",872.4,,,,"Last updated: March 01, 2023, 13:47 "
USA,"105,285,347",,"1,145,661",,"102,682,399",,"1,457,287","2,533","314,467","3,422","1,166,932,082","3,485,405","334,805,269","Last updated: March 01, 2023, 13:47 "
India,"44,686,611",,"530,772",,"44,153,504",,"2,335",N/A,"31,769",377,"918,679,922","653,106","1,406,631,776","Last updated: March 01, 2023, 13:47 "
France,"39,622,231",,"164,963",,"39,387,145",,"70,123",869,"604,140","2,515","271,490,188","4,139,547","65,584,518","Last updated: March 01, 2023, 13:47 "
Germany,"38,168,908",,"168,086",,"37,715,700","+16,500","285,122",N/A,"455,022","2,004","122,332,384","1,458,359","83,883,596","Last updated: March 01, 2023, 13:47 "
Brazil,"37,052,936",,"699,087",,"36,235,329",,"118,520",N/A,"172,056","3,246","63,776,166","296,146","215,353,593","Last updated: March 01, 2023, 13:47 "
Japan,"33,219,038","+13,950","72,486",+99,"21,685,717",+762,"11,460,835",160,"264,515",577,"95,253,685","758,481","125,584,838","Last updated: March 01, 2023, 13:47 "
S. Korea,"30,526,012","+12,291","33,988",+11,"30,304,171","+12,649","187,853",145,"594,702",662,"15,804,065","307,892","51,329,899","Last updated: March 01, 2023, 13:47 "
Italy,"25,576,852",,"188,094",,"25,219,653",,"169,105",133,"424,422","3,121","267,663,187","4,441,601","60,262,770","Last updated: March 01, 2023, 13:47 "
UK,"24,341,615",,"206,246",,"24,091,325","+3,456","44,044",N/A,"355,363","3,011","522,526,476","7,628,357","68,497,907","Last updated: March 01, 2023, 13:47 "
Russia,"22,285,908","+13,438","396,137",+37,"21,631,409","+16,557","258,362",N/A,"152,846","2,717","273,400,000","1,875,095","145,805,947","Last updated: March 01, 2023, 13:47 "
Turkey,"17,042,722",,"101,492",,N/A,N/A,N/A,,"199,186","1,186","162,743,369","1,902,052","85,561,976","Last updated: March 01, 2023, 13:47 "
Spain,"13,763,336",,"119,380",,"13,607,068",,"36,888",231,"294,597","2,555","471,036,328","10,082,298","46,719,142","Last updated: March 01, 2023, 13:47 "
Vietnam,"11,526,926",+9,"43,186",,"10,614,777",+8,"868,963",2,"116,488",436,"85,826,548","867,342","98,953,541","Last updated: March 01, 2023, 13:47 "
Australia,"11,366,361",,"19,373",,"11,314,814",,"32,174",36,"436,014",743,"78,835,048","3,024,116","26,068,792","Last updated: March 01, 2023, 13:47 "
Taiwan,"10,055,439","+12,212","17,975",+27,"9,736,050","+20,872","301,414",,"420,931",752,"30,742,304","1,286,903","23,888,595","Last updated: March 01, 2023, 13:47 "
Argentina,"10,044,125",,"130,463",,"9,909,866",,"3,796",363,"218,302","2,836","35,716,069","776,264","46,010,234","Last updated: March 01, 2023, 13:47 "
Netherlands,"8,596,296",,"22,992",,"8,558,816",,"14,488",53,"499,452","1,336","25,984,435","1,509,718","17,211,447","Last updated: March 01, 2023, 13:47 "
Iran,"7,568,903",+997,"144,858",+13,"7,339,457",+92,"84,588",301,"87,987","1,684","55,034,937","639,771","86,022,837","Last updated: March 01, 2023, 13:47 "
Mexico,"7,451,429",,"332,988",,"6,690,914",,"427,527",N/A,"56,638","2,531","19,572,325","148,768","131,562,772","Last updated: March 01, 2023, 13:47 "
Indonesia,"6,736,298",+252,"160,916",+2,"6,571,845",+153,"3,537",N/A,"24,133",576,"114,158,919","408,975","279,134,505","Last updated: March 01, 2023, 13:47 "
Poland,"6,422,467","+2,992","118,898",+14,"5,335,940",,"967,629",696,"170,178","3,150","38,279,634","1,014,305","37,739,785","Last updated: March 01, 2023, 13:47 "
Colombia,"6,359,464",,"142,615",,"6,182,304",,"34,545",342,"123,454","2,769","36,951,507","717,327","51,512,762","Last updated: March 01, 2023, 13:47 "
Austria,"5,919,616","+7,845","21,891",,"5,840,825","+3,925","56,900",86,"652,896","2,414","211,273,524","23,302,116","9,066,710","Last updated: March 01, 2023, 13:47 "
Greece,"5,849,949",,"36,077",,"5,804,980","+1,599","8,892",115,"567,040","3,497","102,228,365","9,909,078","10,316,637","Last updated: March 01, 2023, 13:47 "
Portugal,"5,566,708",,"26,117",,"5,537,790",,"2,801",61,"548,954","2,575","45,980,330","4,534,294","10,140,570","Last updated: March 01, 2023, 13:47 "
Ukraine,"5,382,095",,"111,175",,"5,265,637","+3,708","5,283",,"124,608","2,574","32,603,805","754,855","43,192,122","Last updated: March 01, 2023, 13:47 "
Chile,"5,166,328",,"64,176",,"5,097,447",,"4,705",85,"268,378","3,334","48,438,160","2,516,243","19,250,195","Last updated: March 01, 2023, 13:47 "
Malaysia,"5,042,791",,"36,958",,"4,996,585",,"9,248",7,"151,978","1,114","68,088,226","2,052,020","33,181,072","Last updated: March 01, 2023, 13:47 "
Israel,"4,799,283",,"12,290",,"4,781,252",,"5,741",57,"514,613","1,318","41,373,364","4,436,346","9,326,000","Last updated: March 01, 2023, 13:47 "
DPRK,"4,772,813",,74,,"4,772,739",,0,,"183,636",3,,,"25,990,679","Last updated: March 01, 2023, 13:47 "
Thailand,"4,728,035",,"33,911",,"4,692,636",,"1,488",N/A,"67,468",484,"17,270,775","246,450","70,078,203","Last updated: March 01, 2023, 13:47 "
Belgium,"4,717,655",,"33,717",,"4,659,455",+558,"24,483",43,"404,315","2,890","36,709,556","3,146,099","11,668,278","Last updated: March 01, 2023, 13:47 "
Czechia,"4,611,001","+1,166","42,436",,"4,558,089",,"10,476",38,"429,458","3,952","56,998,352","5,308,699","10,736,784","Last updated: March 01, 2023, 13:47 "
Canada,"4,591,149",,"51,249",,"4,500,536","+1,341","39,364",99,"119,597","1,335","66,343,123","1,728,207","38,388,419","Last updated: March 01, 2023, 13:47 "
Peru,"4,486,034",+281,"219,439",+8,"4,264,598",+264,"1,997",38,"133,179","6,515","38,041,008","1,129,343","33,684,208","Last updated: March 01, 2023, 13:47 "
Switzerland,"4,389,655",,"14,452",,"4,371,249",,"3,954",39,"500,323","1,647","23,833,472","2,716,487","8,773,637","Last updated: March 01, 2023, 13:47 "
Philippines,"4,076,418",+121,"66,118",+7,"4,001,070",+99,"9,230",162,"36,232",588,"34,603,075","307,558","112,508,994","Last updated: March 01, 2023, 13:47 "
South Africa,"4,063,573",,"102,595",,"3,912,506",,"48,472",192,"66,883","1,689","26,795,090","441,027","60,756,135","Last updated: March 01, 2023, 13:47 "
Romania,"3,340,342",,"67,704",,"3,263,301","+3,200","9,337",115,"175,518","3,558","26,676,248","1,401,701","19,031,335","Last updated: March 01, 2023, 13:47 "
Denmark,"3,175,264",+69,"8,269",+4,"3,166,080",+68,915,19,"544,180","1,417","129,197,382","22,141,986","5,834,950","Last updated: March 01, 2023, 13:47 "
Hong Kong,"2,883,453",+107,"13,460",+3,"2,848,855","+1,981","21,138",28,"379,187","1,770","76,127,725","10,011,143","7,604,299","Last updated: March 01, 2023, 13:47 "
Sweden,"2,697,827",,"23,633",,"2,670,647",+70,"3,547",9,"264,002","2,313","19,469,139","1,905,196","10,218,971","Last updated: March 01, 2023, 13:47 "
Serbia,"2,492,563",,"17,826",,"2,460,904",,"13,833",16,"288,057","2,060","12,396,861","1,432,664","8,653,016","Last updated: March 01, 2023, 13:47 "
Iraq,"2,465,545",,"25,375",,"2,439,497",,673,21,"58,474",602,"19,544,451","463,523","42,164,965","Last updated: March 01, 2023, 13:47 "
Singapore,"2,222,006",,"1,722",,"2,149,583",,"70,701",1,"373,852",290,"24,756,666","4,165,302","5,943,546","Last updated: March 01, 2023, 13:47 "
New Zealand,"2,216,852",,"3,904",,"2,205,354",,"7,594",,"452,585",797,"7,768,604","1,586,011","4,898,203","Last updated: March 01, 2023, 13:47 "
Hungary,"2,195,926",+957,"48,751",+6,"2,143,184",+502,"3,991",13,"228,593","5,075","11,394,556","1,186,160","9,606,259","Last updated: March 01, 2023, 13:47 "
Bangladesh,"2,037,829",+11,"29,445",,"1,998,448",,"9,936",N/A,"12,138",175,"15,254,399","90,862","167,885,689","Last updated: March 01, 2023, 13:47 "
Slovakia,"1,863,022",+133,"21,024",+3,"1,840,809",+122,"1,189",20,"341,201","3,850","7,403,776","1,355,955","5,460,193","Last updated: March 01, 2023, 13:47 "
Georgia,"1,825,598",,"16,965",,"1,776,548",,"32,085",,"459,995","4,275","16,920,079","4,263,340","3,968,738","Last updated: March 01, 2023, 13:47 "
Jordan,"1,746,997",,"14,122",,"1,731,007",,"1,868",59,"169,597","1,371","17,201,885","1,669,945","10,300,869","Last updated: March 01, 2023, 13:47 "
Ireland,"1,702,523",,"8,629",,"1,692,188",+9,"1,706",11,"339,135","1,719","13,024,205","2,594,360","5,020,199","Last updated: March 01, 2023, 13:47 "
Pakistan,"1,576,999",+37,"30,643",,"1,538,689",,"7,667",13,"6,872",134,"30,570,862","133,213","229,488,994","Last updated: March 01, 2023, 13:47 "
Norway,"1,479,032",,"5,112",,"1,473,216",,704,20,"268,360",928,"11,002,430","1,996,315","5,511,370","Last updated: March 01, 2023, 13:47 "
Finland,"1,462,169",,"8,892",,"1,451,864",+86,"1,413",21,"263,219","1,601","12,047,792","2,168,835","5,554,960","Last updated: March 01, 2023, 13:47 "
Kazakhstan,"1,407,823",,"13,846",,"1,383,020",,"10,957",24,"73,305",721,"11,575,012","602,707","19,205,043","Last updated: March 01, 2023, 13:47 "
Slovenia,"1,328,673",+435,"7,071",,"1,317,563",+298,"4,039",6,"639,389","3,403","2,837,735","1,365,586","2,078,034","Last updated: March 01, 2023, 13:47 "
Lithuania,"1,305,163",+376,"9,589",,"1,289,728",+389,"5,846",6,"490,348","3,603","10,379,366","3,899,513","2,661,708","Last updated: March 01, 2023, 13:47 "
Bulgaria,"1,296,853",,"38,217",,"1,255,662",,"2,974",27,"189,471","5,584","11,055,587","1,615,228","6,844,597","Last updated: March 01, 2023, 13:47 "
Morocco,"1,272,454",,"16,296",,"1,256,091",,67,3,"33,687",431,"12,983,320","343,722","37,772,756","Last updated: March 01, 2023, 13:47 "
Croatia,"1,268,992",,"17,971",,"1,250,549",,472,10,"312,615","4,427","5,503,682","1,355,825","4,059,286","Last updated: March 01, 2023, 13:47 "
Guatemala,"1,236,406",,"20,173",,"1,215,077",,"1,156",5,"66,531","1,086","6,925,325","372,649","18,584,039","Last updated: March 01, 2023, 13:47 "
Lebanon,"1,231,840",,"10,828",,"1,087,587",,"133,425",74,"184,273","1,620","4,795,578","717,380","6,684,849","Last updated: March 01, 2023, 13:47 "
Costa Rica,"1,199,055",,"9,214",,"860,711",,"329,130",52,"231,373","1,778","4,659,757","899,158","5,182,354","Last updated: March 01, 2023, 13:47 "
Bolivia,"1,193,009",,"22,365",,"1,157,640",,"13,004",220,"99,478","1,865","2,705,422","225,590","11,992,656","Last updated: March 01, 2023, 13:47 "
Tunisia,"1,150,962",,"29,331",,N/A,N/A,N/A,44,"95,542","2,435","5,002,248","415,240","12,046,656","Last updated: March 01, 2023, 13:47 "
Cuba,"1,112,598",,"8,530",,"1,103,977",,91,2,"98,411",754,"14,317,478","1,266,400","11,305,652","Last updated: March 01, 2023, 13:47 "
Ecuador,"1,056,578",,"36,008",,"1,020,570",,0,759,"58,331","1,988","3,082,403","170,173","18,113,361","Last updated: March 01, 2023, 13:47 "
UAE,"1,052,029",+31,"2,349",,"1,035,173",,"14,507",,"104,349",233,"199,225,612","19,760,946","10,081,785","Last updated: March 01, 2023, 13:47 "
Uruguay,"1,034,303",,"7,617",,"1,026,186",,500,18,"295,852","2,179","6,114,822","1,749,083","3,496,016","Last updated: March 01, 2023, 13:47 "
Panama,"1,031,273",,"8,604",,"1,022,299",,370,16,"231,905","1,935","7,532,271","1,693,801","4,446,964","Last updated: March 01, 2023, 13:47 "
Mongolia,"1,007,896",,"2,179",,"1,005,711",,6,192,"298,364",645,"4,030,048","1,193,000","3,378,078","Last updated: March 01, 2023, 13:47 "
Nepal,"1,001,148",+3,"12,020",,"989,117",,11,,"33,123",398,"6,013,666","198,959","30,225,582","Last updated: March 01, 2023, 13:47 "
Belarus,"994,037",,"7,118",,"985,592",,"1,327",,"105,381",755,"13,646,641","1,446,722","9,432,800","Last updated: March 01, 2023, 13:47 "
Latvia,"976,031",+32,"6,242",+1,"969,467",+32,322,13,"527,916","3,376","7,864,859","4,253,949","1,848,837","Last updated: March 01, 2023, 13:47 "
Saudi Arabia,"829,478",,"9,615",,"816,729",,"3,134",34,"23,141",268,"45,144,125","1,259,429","35,844,909","Last updated: March 01, 2023, 13:47 "
Azerbaijan,"828,588",+40,"10,119",,"818,310",+29,159,,"80,444",982,"7,526,899","730,752","10,300,205","Last updated: March 01, 2023, 13:47 "
Paraguay,"808,327",,"19,870",,N/A,N/A,N/A,7,"110,641","2,720","2,657,506","363,751","7,305,843","Last updated: March 01, 2023, 13:47 "
Bahrain,"707,480",,"1,548",,"706,013",,-81,6,"396,573",868,"10,737,695","6,018,945","1,783,983","Last updated: March 01, 2023, 13:47 "
Sri Lanka,"672,030",,"16,830",,"655,198",,2,,"31,147",780,"6,486,117","300,619","21,575,842","Last updated: March 01, 2023, 13:47 "
Kuwait,"663,456",,"2,570",,"660,237",,649,,"151,463",587,"8,455,743","1,930,391","4,380,326","Last updated: March 01, 2023, 13:47 "
Dominican Republic,"660,533",,"4,384",,"644,785",,"11,364",4,"59,742",397,"3,740,928","338,350","11,056,370","Last updated: March 01, 2023, 13:47 "
Cyprus,"649,093",,"1,305",,"642,855",,"4,933",60,"530,570","1,067","9,640,118","7,879,860","1,223,387","Last updated: March 01, 2023, 13:47 "
Myanmar,"633,918",,"19,490",,"614,399",,29,,"11,478",353,"10,053,350","182,036","55,227,143","Last updated: March 01, 2023, 13:47 "
Palestine,"621,008",,"5,404",,"615,445",,159,17,"116,173","1,011","3,078,533","575,907","5,345,541","Last updated: March 01, 2023, 13:47 "
Estonia,"615,119",,"2,940",,"524,990",,"87,189",3,"465,326","2,224","3,675,293","2,780,290","1,321,910","Last updated: March 01, 2023, 13:47 "
Moldova,"607,450","+3,700","11,988",+14,"504,142",,"91,320",49,"151,364","2,987","3,216,305","801,437","4,013,171","Last updated: March 01, 2023, 13:47 "
Venezuela,"551,981",,"5,853",,"545,871",,257,36,"18,860",200,"3,359,014","114,771","29,266,991","Last updated: March 01, 2023, 13:47 "
Egypt,"515,698",,"24,613",,"442,182",,"48,903",122,"4,858",232,"3,693,367","34,792","106,156,692","Last updated: March 01, 2023, 13:47 "
Libya,"507,174",,"6,437",,"500,734",,3,,"72,034",914,"2,483,676","352,758","7,040,745","Last updated: March 01, 2023, 13:47 "
Ethiopia,"499,986",,"7,572",,"487,246",,"5,168",1,"4,139",63,"5,488,633","45,431","120,812,698","Last updated: March 01, 2023, 13:47 "
Qatar,"494,271",+104,686,,"493,138",+122,447,30,"165,867",230,"4,065,369","1,364,257","2,979,915","Last updated: March 01, 2023, 13:47 "
Réunion,"486,588",,921,,"418,572",,"67,095",10,"535,854","1,014","1,603,660","1,766,027","908,061","Last updated: March 01, 2023, 13:47 "
Honduras,"472,116",,"11,111",,N/A,N/A,N/A,105,"46,190","1,087","1,633,222","159,787","10,221,247","Last updated: March 01, 2023, 13:47 "
Armenia,"446,819",,"8,721",,"435,162",,"2,936",,"150,345","2,934","3,242,901","1,091,164","2,971,966","Last updated: March 01, 2023, 13:47 "
Bosnia and Herzegovina,"401,575",,"16,278",,"379,084",,"6,213",,"123,588","5,010","1,884,721","580,036","3,249,317","Last updated: March 01, 2023, 13:47 "
Oman,"399,449",,"4,628",,"384,669",,"10,152",2,"75,028",869,"25,000,000","4,695,724","5,323,993","Last updated: March 01, 2023, 13:47 "
North Macedonia,"346,852",,"9,662",,"337,068",,122,,"166,651","4,642","2,226,216","1,069,626","2,081,304","Last updated: March 01, 2023, 13:47 "
Zambia,"343,012",,"4,057",,"338,660",,295,,"17,617",208,"3,934,010","202,053","19,470,234","Last updated: March 01, 2023, 13:47 "
Kenya,"342,912",,"5,688",,"337,198",,26,1,"6,100",101,"3,967,062","70,569","56,215,221","Last updated: March 01, 2023, 13:47 "
Albania,"334,391",,"3,596",,"329,145",,"1,650",,"116,660","1,255","1,941,032","677,173","2,866,374","Last updated: March 01, 2023, 13:47 "
Botswana,"329,727",,"2,801",,"326,868",,58,1,"135,070","1,147","2,026,898","830,300","2,441,162","Last updated: March 01, 2023, 13:47 "
Luxembourg,"297,757",,"1,133",,"288,991",,"7,633",,"463,528","1,764","4,412,567","6,869,188","642,371","Last updated: March 01, 2023, 13:47 "
Montenegro,"288,280",,"2,804",,"284,712",,764,6,"459,081","4,465","2,716,902","4,326,622","627,950","Last updated: March 01, 2023, 13:47 "
Brunei,"277,992",,225,,"243,601",,"34,166",3,"624,097",505,"717,784","1,611,437","445,431","Last updated: March 01, 2023, 13:47 "
Algeria,"271,441",,"6,881",,"182,793",,"81,767",,"5,985",152,"230,861","5,091","45,350,148","Last updated: March 01, 2023, 13:47 "
Nigeria,"266,593",,"3,155",,"259,850",,"3,588",11,"1,230",15,"5,708,974","26,339","216,746,934","Last updated: March 01, 2023, 13:47 "
Zimbabwe,"263,921",,"5,663",,"257,205",,"1,053",12,"17,214",369,"2,525,756","164,744","15,331,428","Last updated: March 01, 2023, 13:47 "
Uzbekistan,"250,932",,"1,637",,"241,486",,"7,809",23,"7,298",48,"1,377,915","40,077","34,382,084","Last updated: March 01, 2023, 13:47 "
Mozambique,"233,098",,"2,242",,"228,805",,"2,051",11,"7,044",68,"1,371,127","41,437","33,089,461","Last updated: March 01, 2023, 13:47 "
Martinique,"229,807",,"1,098",,N/A,N/A,N/A,12,"614,314","2,935","828,928","2,215,870","374,087","Last updated: March 01, 2023, 13:47 "
Laos,"218,015",,758,,N/A,N/A,N/A,,"29,142",101,"1,233,207","164,845","7,481,023","Last updated: March 01, 2023, 13:47 "
Afghanistan,"209,340",+17,"7,896",,"191,053",+42,"10,391",45,"5,137",194,"1,201,044","29,470","40,754,388","Last updated: March 01, 2023, 13:47 "
Iceland,"209,093",,229,,N/A,N/A,N/A,2,"605,377",663,"1,996,384","5,780,036","345,393","Last updated: March 01, 2023, 13:47 "
Kyrgyzstan,"206,633",,"2,991",,"196,406",,"7,236",131,"30,711",445,"1,907,195","283,460","6,728,271","Last updated: March 01, 2023, 13:47 "
Guadeloupe,"201,852",,"1,010",,N/A,N/A,N/A,19,"504,890","2,526","938,039","2,346,306","399,794","Last updated: March 01, 2023, 13:47 "
El Salvador,"201,785",,"4,230",,"179,410",,"18,145",8,"30,805",646,"2,610,114","398,467","6,550,389","Last updated: March 01, 2023, 13:47 "
Trinidad and Tobago,"189,296",,"4,347",,"184,553",,396,8,"134,578","3,090","898,169","638,546","1,406,585","Last updated: March 01, 2023, 13:47 "
Maldives,"185,732",,311,,"163,687",,"21,734",25,"343,322",575,"2,213,831","4,092,223","540,985","Last updated: March 01, 2023, 13:47 "
Ghana,"171,172",,"1,462",,"169,697",,13,2,"5,284",45,"2,529,956","78,096","32,395,450","Last updated: March 01, 2023, 13:47 "
Namibia,"171,156",,"4,090",,"166,776",,290,,"64,983","1,553","1,062,663","403,460","2,633,874","Last updated: March 01, 2023, 13:47 "
Uganda,"170,504",,"3,630",,"100,431",,"66,443",3,"3,520",75,"3,012,408","62,198","48,432,863","Last updated: March 01, 2023, 13:47 "
Jamaica,"154,065",,"3,500",,"102,393",,"48,172",,"51,611","1,172","1,183,986","396,633","2,985,094","Last updated: March 01, 2023, 13:47 "
Cambodia,"138,717",,"3,056",,"135,656",,5,,"8,080",178,"3,091,420","180,062","17,168,639","Last updated: March 01, 2023, 13:47 "
Rwanda,"133,180",,"1,468",,"131,634",,78,,"9,792",108,"6,021,981","442,778","13,600,464","Last updated: March 01, 2023, 13:47 "
Cameroon,"124,392",,"1,965",,"122,344",,83,13,"4,457",70,"1,751,774","62,762","27,911,548","Last updated: March 01, 2023, 13:47 "
Malta,"117,477",,827,,"116,028",,622,4,"264,568","1,862","2,117,102","4,767,893","444,033","Last updated: March 01, 2023, 13:47 "
Barbados,"106,645",,575,,"106,057",,13,,"370,266","1,996","794,426","2,758,203","288,023","Last updated: March 01, 2023, 13:47 "
Angola,"105,255",,"1,933",,"103,298",,24,,"3,005",55,"1,499,795","42,818","35,027,343","Last updated: March 01, 2023, 13:47 "
Channel Islands,"101,382",,227,,"101,029",,126,,"574,523","1,286","1,252,808","7,099,551","176,463","Last updated: March 01, 2023, 13:47 "
French Guiana,"98,041",,420,,"11,254",,"86,367",6,"312,065","1,337","651,257","2,072,951","314,169","Last updated: March 01, 2023, 13:47 "
DRC,"95,646",,"1,464",,"84,282",,"9,900",,"1,004",15,"846,704","8,890","95,240,792","Last updated: March 01, 2023, 13:47 "
Senegal,"88,917",,"1,971",,"86,938",,8,,"5,037",112,"1,146,543","64,946","17,653,671","Last updated: March 01, 2023, 13:47 "
Malawi,"88,681",,"2,686",,"85,542",,453,67,"4,394",133,"624,784","30,959","20,180,839","Last updated: March 01, 2023, 13:47 "
Ivory Coast,"88,197",,834,,"87,327",,36,,"3,179",30,"1,679,087","60,524","27,742,298","Last updated: March 01, 2023, 13:47 "
Suriname,"82,227",,"1,400",,N/A,N/A,N/A,,"137,773","2,346","240,907","403,644","596,831","Last updated: March 01, 2023, 13:47 "
New Caledonia,"79,881",,314,,"79,558",,9,9,"274,585","1,079","98,964","340,182","290,915","Last updated: March 01, 2023, 13:47 "
French Polynesia,"77,957",,649,,N/A,N/A,N/A,7,"274,338","2,284",,,"284,164","Last updated: March 01, 2023, 13:47 "
Eswatini,"74,199",,"1,423",,"72,726",,50,,"62,625","1,201","1,048,704","885,119","1,184,817","Last updated: March 01, 2023, 13:47 "
Guyana,"73,069",,"1,298",,"71,752",,19,,"92,021","1,635","721,841","909,068","794,045","Last updated: March 01, 2023, 13:47 "
Belize,"70,757",,688,,"70,056",,13,6,"171,661","1,669","576,016","1,397,453","412,190","Last updated: March 01, 2023, 13:47 "
Fiji,"68,889",,883,,"66,850",,"1,156",,"75,747",971,"668,445","734,986","909,466","Last updated: March 01, 2023, 13:47 "
Madagascar,"67,865",,"1,422",,"66,433",,10,,"2,326",49,"525,461","18,009","29,178,077","Last updated: March 01, 2023, 13:47 "
Sudan,"63,787",,"5,011",,"58,462",+24,314,,"1,387",109,"562,941","12,240","45,992,020","Last updated: March 01, 2023, 13:47 "
Mauritania,"63,667",,997,,"62,439",,231,,"12,988",203,"1,009,957","206,030","4,901,981","Last updated: March 01, 2023, 13:47 "
Cabo Verde,"63,244",,413,,"62,771",,60,23,"111,408",728,"401,622","707,482","567,678","Last updated: March 01, 2023, 13:47 "
Bhutan,"62,620",,21,,"61,564",,"1,035",,"79,473",27,"2,303,734","2,923,739","787,941","Last updated: March 01, 2023, 13:47 "
Syria,"57,467",,"3,164",,"54,303",,0,,"2,968",163,"146,269","7,553","19,364,809","Last updated: March 01, 2023, 13:47 "
Burundi,"53,609",,38,,"53,569",,2,,"4,246",3,"345,742","27,386","12,624,840","Last updated: March 01, 2023, 13:47 "
Seychelles,"50,665",,172,,"50,440",,53,,"509,575","1,730",,,"99,426","Last updated: March 01, 2023, 13:47 "
Gabon,"48,981",,306,,"48,674",,1,,"21,008",131,"1,621,909","695,641","2,331,533","Last updated: March 01, 2023, 13:47 "
Andorra,"47,866",,165,,"47,563",,138,14,"617,921","2,130","249,838","3,225,256","77,463","Last updated: March 01, 2023, 13:47 "
Papua New Guinea,"46,792",,670,,"43,982",,"2,140",7,"5,036",72,"249,149","26,813","9,292,169","Last updated: March 01, 2023, 13:47 "
Curaçao,"45,986",,295,,"44,720",,971,3,"277,812","1,782","496,693","3,000,640","165,529","Last updated: March 01, 2023, 13:47 "
Aruba,"44,026",,236,,"42,438",,"1,352",2,"409,129","2,193","177,885","1,653,068","107,609","Last updated: March 01, 2023, 13:47 "
Tanzania,"42,823",,846,,N/A,N/A,N/A,7,677,13,,,"63,298,550","Last updated: March 01, 2023, 13:47 "
Mayotte,"42,004",,188,,N/A,N/A,N/A,,"146,734",657,"176,919","618,038","286,259","Last updated: March 01, 2023, 13:47 "
Mauritius,"41,717",,"1,043",,"40,012",,662,,"32,726",818,"358,675","281,374","1,274,727","Last updated: March 01, 2023, 13:47 "
Togo,"39,377",,290,,"39,074",,13,,"4,536",33,"808,297","93,113","8,680,837","Last updated: March 01, 2023, 13:47 "
Guinea,"38,267",,467,,"37,757",,43,8,"2,760",34,"660,107","47,607","13,865,691","Last updated: March 01, 2023, 13:47 "
Isle of Man,"38,008",,116,,N/A,N/A,N/A,,"443,335","1,353","150,753","1,758,422","85,732","Last updated: March 01, 2023, 13:47 "
Bahamas,"37,491",,833,,"36,366",,292,1,"93,607","2,080","257,839","643,767","400,516","Last updated: March 01, 2023, 13:47 "
Lesotho,"34,790",,723,,"25,980",,"8,087",,"15,990",332,"431,221","198,199","2,175,699","Last updated: March 01, 2023, 13:47 "
Faeroe Islands,"34,658",,28,,N/A,N/A,N/A,5,"703,959",569,"778,000","15,802,409","49,233","Last updated: March 01, 2023, 13:47 "
Haiti,"34,143",,860,,"33,044",,239,,"2,923",74,"132,422","11,337","11,680,283","Last updated: March 01, 2023, 13:47 "
Mali,"33,018",,743,,"32,107",,168,,"1,538",35,"795,705","37,055","21,473,764","Last updated: March 01, 2023, 13:47 "
Cayman Islands,"31,472",,37,,"8,553",,"22,882",1,"467,797",550,"222,773","3,311,280","67,277","Last updated: March 01, 2023, 13:47 "
Saint Lucia,"29,882",,409,,"29,095",,378,,"161,426","2,209","210,983","1,139,752","185,113","Last updated: March 01, 2023, 13:47 "
Benin,"27,990",,163,,"27,825",,2,,"2,189",13,"604,310","47,268","12,784,726","Last updated: March 01, 2023, 13:47 "
Somalia,"27,324",,"1,361",,"13,182",,"12,781",,"1,622",81,"400,466","23,778","16,841,795","Last updated: March 01, 2023, 13:47 "
Congo,"25,375",,386,,"24,006",,983,,"4,377",67,"347,815","59,991","5,797,805","Last updated: March 01, 2023, 13:47 "
Solomon Islands,"24,575",,153,,N/A,N/A,N/A,1,"34,077",212,,,"721,159","Last updated: March 01, 2023, 13:47 "
Micronesia,"23,671",,60,,N/A,N/A,N/A,1,"201,474",511,"54,967","467,848","117,489","Last updated: March 01, 2023, 13:47 "
San Marino,"23,536",,122,,"23,276",,138,4,"690,509","3,579","157,634","4,624,732","34,085","Last updated: March 01, 2023, 13:47 "
Timor-Leste,"23,418",,138,,"23,102",,178,,"17,101",101,"278,529","203,391","1,369,429","Last updated: March 01, 2023, 13:47 "
Burkina Faso,"22,056",,396,,"21,596",,64,,998,18,"248,995","11,265","22,102,838","Last updated: March 01, 2023, 13:47 "
Liechtenstein,"21,421",,89,,"21,294",,38,3,"558,027","2,318","112,457","2,929,559","38,387","Last updated: March 01, 2023, 13:47 "
Gibraltar,"20,423",,111,,"16,579",,"3,733",,"605,952","3,293","534,283","15,852,213","33,704","Last updated: March 01, 2023, 13:47 "
Grenada,"19,680",,238,,"19,358",,84,4,"173,430","2,097","182,981","1,612,523","113,475","Last updated: March 01, 2023, 13:47 "
Bermuda,"18,799",,160,,"18,632",,7,,"303,508","2,583","1,027,337","16,586,270","61,939","Last updated: March 01, 2023, 13:47 "
Nicaragua,"18,491",,225,,"4,225",,"14,041",,"2,728",33,,,"6,779,100","Last updated: March 01, 2023, 13:47 "
South Sudan,"18,368",,138,,"18,115",,115,1,"1,581",12,"410,280","35,313","11,618,511","Last updated: March 01, 2023, 13:47 "
Tajikistan,"17,786",,125,,"17,264",,397,,"1,786",13,,,"9,957,464","Last updated: March 01, 2023, 13:47 "
Equatorial Guinea,"17,229",,183,,"16,907",,139,5,"11,512",122,"365,697","244,342","1,496,662","Last updated: March 01, 2023, 13:47 "
Tonga,"16,801",,13,,"15,638",,"1,150",,"155,927",121,"535,009","4,965,327","107,749","Last updated: March 01, 2023, 13:47 "
Samoa,"16,607",,29,,"1,605",,"14,973",,"82,116",143,"187,397","926,612","202,239","Last updated: March 01, 2023, 13:47 "
Monaco,"16,106",,67,,"15,992",,47,4,"404,846","1,684","78,646","1,976,875","39,783","Last updated: March 01, 2023, 13:47 "
Dominica,"15,760",,74,,"15,673",,13,,"217,848","1,023","229,344","3,170,187","72,344","Last updated: March 01, 2023, 13:47 "
Djibouti,"15,690",,189,,"15,427",,74,,"15,441",186,"305,941","301,094","1,016,097","Last updated: March 01, 2023, 13:47 "
Marshall Islands,"15,598",,17,,"15,528",,53,,"259,720",283,,,"60,057","Last updated: March 01, 2023, 13:47 "
CAR,"15,368",,113,,"15,200",,55,2,"3,063",23,"81,294","16,205","5,016,678","Last updated: March 01, 2023, 13:47 "
Gambia,"12,586",,372,,"12,189",,25,,"4,919",145,"155,686","60,851","2,558,482","Last updated: March 01, 2023, 13:47 "
Saint Martin,"12,257",,63,,"1,399",,"10,795",7,"308,507","1,586","112,382","2,828,643","39,730","Last updated: March 01, 2023, 13:47 "
Vanuatu,"12,014",,14,,"11,976",,24,,"37,330",44,"24,976","77,606","321,832","Last updated: March 01, 2023, 13:47 "
Greenland,"11,971",,21,,"2,761",,"9,189",4,"210,117",369,"164,926","2,894,810","56,973","Last updated: March 01, 2023, 13:47 "
Yemen,"11,945",,"2,159",,"9,124",,662,23,383,69,"329,592","10,579","31,154,867","Last updated: March 01, 2023, 13:47 "
Caribbean Netherlands,"11,672",,38,,"10,476",,"1,158",,"438,023","1,426","30,126","1,130,559","26,647","Last updated: March 01, 2023, 13:47 "
Sint Maarten,"11,016",,91,,"10,905",,20,N/A,"250,557","2,070","62,056","1,411,454","43,966","Last updated: March 01, 2023, 13:47 "
Eritrea,"10,189",,103,,"10,086",,0,,"2,782",28,"23,693","6,470","3,662,244","Last updated: March 01, 2023, 13:47 "
Niger,"9,931",,312,,"8,890",,729,1,381,12,"254,538","9,759","26,083,660","Last updated: March 01, 2023, 13:47 "
St. Vincent Grenadines,"9,589",,123,,"9,466",,0,,"85,961","1,103","113,703","1,019,292","111,551","Last updated: March 01, 2023, 13:47 "
Antigua and Barbuda,"9,106",,146,,"8,954",,6,1,"91,509","1,467","18,901","189,943","99,509","Last updated: March 01, 2023, 13:47 "
Comoros,"8,998",,161,,"8,837",,0,,"9,916",177,,,"907,419","Last updated: March 01, 2023, 13:47 "
Guinea-Bissau,"8,953",,176,,"8,660",,117,6,"4,339",85,"145,231","70,385","2,063,367","Last updated: March 01, 2023, 13:47 "
Liberia,"8,077",,294,,"7,768",,15,2,"1,522",55,"139,824","26,356","5,305,117","Last updated: March 01, 2023, 13:47 "
Sierra Leone,"7,760",,126,,N/A,N/A,N/A,,934,15,"259,958","31,296","8,306,436","Last updated: March 01, 2023, 13:47 "
Chad,"7,678",,194,,"4,874",,"2,610",,441,11,"191,341","10,988","17,413,580","Last updated: March 01, 2023, 13:47 "
British Virgin Islands,"7,305",,64,,N/A,N/A,N/A,,"238,757","2,092","107,339","3,508,269","30,596","Last updated: March 01, 2023, 13:47 "
Cook Islands,"7,025",,2,,"7,012",,11,,"399,806",114,"19,690","1,120,596","17,571","Last updated: March 01, 2023, 13:47 "
Saint Kitts and Nevis,"6,596",,47,,"6,547",,2,,"122,441",872,"126,931","2,356,203","53,871","Last updated: March 01, 2023, 13:47 "
Turks and Caicos,"6,551",,38,,"6,491",,22,4,"164,842",956,"611,527","15,387,811","39,741","Last updated: March 01, 2023, 13:47 "
Sao Tome and Principe,"6,281",,77,,"6,204",,0,,"27,587",338,"29,036","127,530","227,679","Last updated: March 01, 2023, 13:47 "
Palau,"5,988",,9,,"5,976",,3,,"328,416",494,"69,136","3,791,806","18,233","Last updated: March 01, 2023, 13:47 "
St. Barth,"5,439",,6,,N/A,N/A,N/A,,"546,908",603,"78,646","7,908,095","9,945","Last updated: March 01, 2023, 13:47 "
Nauru,"5,247",,1,,"5,075",,171,,"481,244",92,"20,509","1,881,042","10,903","Last updated: March 01, 2023, 13:47 "
Kiribati,"5,013",,18,,"2,703",,"2,292",3,"40,618",146,,,"123,419","Last updated: March 01, 2023, 13:47 "
Anguilla,"3,904",,12,,"3,879",,13,4,"256,336",788,"51,382","3,373,736","15,230","Last updated: March 01, 2023, 13:47 "
Macao,"3,514",,121,,"3,391",+4,2,,"5,264",181,"7,850","11,760","667,490","Last updated: March 01, 2023, 13:47 "
Saint Pierre Miquelon,"3,452",,2,,"2,449",,"1,001",1,"599,410",347,"25,400","4,410,488","5,759","Last updated: March 01, 2023, 13:47 "
Wallis and Futuna,"3,427",,7,,438,,"2,982",,"312,056",637,"20,508","1,867,419","10,982","Last updated: March 01, 2023, 13:47 "
Tuvalu,"2,805",,,,,,"2,805",,"232,471",,,,"12,066","Last updated: March 01, 2023, 13:47 "
Saint Helena,"2,166",,,,2,,"2,164",,"354,211",,,,"6,115","Last updated: March 01, 2023, 13:47 "
Falkland Islands,"1,930",,,,"1,930",,0,,"545,352",,"8,632","2,439,107","3,539","Last updated: March 01, 2023, 13:47 "
Montserrat,"1,403",,8,,"1,376",,19,,"282,578","1,611","17,762","3,577,442","4,965","Last updated: March 01, 2023, 13:47 "
Niue,788,,,,776,,12,,"485,820",,,,"1,622","Last updated: March 01, 2023, 13:47 "
Diamond Princess,712,,13,,699,,0,,,,,,,"Last updated: March 01, 2023, 13:47 "
Vatican City,29,,,,29,,0,,"36,295",,,,799,"Last updated: March 01, 2023, 13:47 "
Western Sahara,10,,1,,9,,0,,16,2,,,"626,161","Last updated: March 01, 2023, 13:47 "
MS Zaandam,9,,2,,7,,0,,,,,,,"Last updated: March 01, 2023, 13:47 "
Tokelau,5,,,,,,5,,"3,628",,,,"1,378","Last updated: March 01, 2023, 13:47 "
China,"503,302",,"5,272",,"379,053",,"118,977",N/A,347,4,"160,000,000","110,461","1,448,471,400","Last updated: March 01, 2023, 13:47 "
